{"DN_Moments": 0.000431060791015625, "DN_Withinp": 0.00019121170043945312, "DN_Quantile": 0.00044417381286621094, "FC_Suprise": 0.024958372116088867, "MD_hrv_classic": 0.002543210983276367, "MD_pNN": 0.043044090270996094, "EN_PermEn": 0.019450902938842773, "DN_OutlierInclude": 0.0007910728454589844, "DN_Burstiness": 0.00011110305786132812, "DN_pleft": 0.0004527568817138672, "CO_FirstZero": 0.00023818016052246094, "DN_Fit_mle": 6.604194641113281e-05, "CO_FirstMin": 0.00020694732666015625, "DN_IQR": 0.0004401206970214844, "DN_CompareKSFit": 0.20839667320251465, "DN_Mode": 0.00043272972106933594, "EN_SampEn": 0.13710474967956543, "SY_Trend": 0.002026081085205078, "DN_Mean": 1.811981201171875e-05, "CO_glscf": 0.0008199214935302734, "DN_Cumulants": 0.0006198883056640625, "DN_Range": 2.7894973754882812e-05, "DN_FitKernalSmooth": 0.007663249969482422, "DN_Median": 0.00015997886657714844, "DN_Spread": 8.487701416015625e-05, "DN_MinMax": 1.0013580322265625e-05, "DN_CustomSkewness": 0.0003070831298828125, "EN_mse": 0.16768288612365723, "IN_AutoMutualInfo": 0.0005221366882324219, "EN_CID": 0.0005450248718261719, "DN_Unique": 9.489059448242188e-05, "DT_IsSeasonal": 0.004500865936279297, "EN_ApEn": 0.06431078910827637, "SC_HurstExp": 0.002286672592163086, "DN_ObsCount": 1.2874603271484375e-05, "EN_ShannonEn": 0.004297018051147461, "CO_tc3": 0.00035500526428222656, "DN_nlogL_norm": 0.00044798851013183594, "CO_AutoCorr": 0.00031375885009765625, "CO_f1ecac": 0.00026988983154296875, "DN_ProportionValues": 0.0038199424743652344, "DN_STD": 0.00016379356384277344, "CO_trev": 0.0003981590270996094, "DN_cv": 0.0001232624053955078, "DN_TrimmedMean": 0.00013327598571777344, "SC_DFA": 1.0545217990875244, "DN_HighLowMu": 0.00011968612670898438, "min": 1.0013580322265625e-05}