{"DN_Moments": 0.00040721893310546875, "DN_Withinp": 0.0001919269561767578, "DN_Quantile": 0.0004210472106933594, "DN_OutlierInclude": 0.0009260177612304688, "DN_Burstiness": 0.00012493133544921875, "DN_pleft": 0.0004956722259521484, "CO_FirstZero": 0.0003287792205810547, "DN_Fit_mle": 7.390975952148438e-05, "CO_FirstMin": 0.00024437904357910156, "DN_IQR": 0.00047779083251953125, "DN_CompareKSFit": 0.24297189712524414, "DN_Mode": 0.0004839897155761719, "EN_SampEn": 0.1914980411529541, "SY_Trend": 0.003298044204711914, "DN_Mean": 2.09808349609375e-05, "CO_glscf": 0.0015060901641845703, "DN_Cumulants": 0.0009882450103759766, "DN_Range": 5.2928924560546875e-05, "DN_FitKernalSmooth": 0.009419918060302734, "DN_Median": 0.00021004676818847656, "DN_Spread": 0.000102996826171875, "DN_MinMax": 1.2874603271484375e-05, "DN_CustomSkewness": 0.0003981590270996094, "EN_mse": 0.20032715797424316, "IN_AutoMutualInfo": 0.0004279613494873047, "EN_CID": 0.0007419586181640625, "DN_Unique": 0.00010180473327636719, "DT_IsSeasonal": 0.006752967834472656, "EN_ApEn": 0.07431221008300781, "SC_HurstExp": 0.0027370452880859375, "DN_ObsCount": 1.4066696166992188e-05, "EN_ShannonEn": 0.005391120910644531, "CO_tc3": 0.0005929470062255859, "DN_nlogL_norm": 0.0007529258728027344, "CO_AutoCorr": 0.0003609657287597656, "CO_f1ecac": 0.0005958080291748047, "DN_ProportionValues": 0.004663944244384766, "DN_STD": 9.703636169433594e-05, "CO_trev": 0.00042176246643066406, "DN_cv": 0.00010895729064941406, "DN_TrimmedMean": 0.0001468658447265625, "SC_DFA": 1.2734489440917969, "DN_HighLowMu": 0.0001239776611328125}